{
  "total_orders": 26348,
  "ml_anomalies": 1154,
  "ml_contamination_rate": 0.04379839076969789,
  "extended_analysis_cases": 2809,
  "extended_analysis_rate": 0.10661150751480188,
  "borderline_cases": 1655,
  "borderline_rate": 0.062813116745104,
  "ai_anomalies": 826,
  "ai_contamination_rate": 0.03134962805526036,
  "ai_borderline_anomalies": 279,
  "ai_borderline_discovery_rate": 0.16858006042296073,
  "false_positives": 607,
  "false_positive_rate": 0.5259965337954939
}