WERKS,WERKS_LONG,WERKS_LAT
3000,-121.69593,37.931961
4010,-78.962479,43.021599
3020,-96.639786,33.197247
4000,-72.76825,41.32738
